{
  "phase": 47,
  "name": "Evolutionary Algorithms",
  "previous_score": 65,
  "target_score": 100,
  "achieved_score": 80,
  "execution_time": 3.139253616333008,
  "timestamp": "2025-12-08T18:59:26.413626"
}