{
  "phase": 49,
  "name": "AI Inventions",
  "previous_score": 0,
  "target_score": 100,
  "achieved_score": 40,
  "execution_time": 1.3906652927398682,
  "timestamp": "2025-12-08T18:59:32.325919"
}