{
  "phase": 45,
  "name": "Self-Coding",
  "previous_score": 80,
  "target_score": 100,
  "achieved_score": 92,
  "execution_time": 1.033262014389038,
  "timestamp": "2025-12-08T18:59:17.392304"
}