{
  "phase": 46,
  "name": "Self-Improvement",
  "previous_score": 70,
  "target_score": 100,
  "achieved_score": 85,
  "execution_time": 2.1563286781311035,
  "timestamp": "2025-12-08T18:59:21.712446"
}