{
  "phase": 43,
  "name": "Future Simulation",
  "previous_score": 80,
  "target_score": 100,
  "achieved_score": 92,
  "execution_time": 1.6639442443847656,
  "timestamp": "2025-12-08T18:59:11.118758"
}