{
  "phase": 48,
  "name": "Self-Awareness",
  "previous_score": 60,
  "target_score": 100,
  "achieved_score": 85,
  "execution_time": 1.7582051753997803,
  "timestamp": "2025-12-08T18:59:29.409568"
}