{
  "phase": 50,
  "name": "Cross-Domain Reasoning",
  "previous_score": 35,
  "target_score": 100,
  "achieved_score": 70,
  "execution_time": 1.4022459983825684,
  "timestamp": "2025-12-08T18:59:35.102750"
}