{
  "phase": 51,
  "name": "SuperARC Score",
  "previous_score": 0,
  "target_score": 100,
  "achieved_score": 80,
  "execution_time": 1.367896556854248,
  "timestamp": "2025-12-08T18:59:37.927651"
}