{
  "phase": 44,
  "name": "Multimodal AI",
  "previous_score": 75,
  "target_score": 100,
  "achieved_score": 85,
  "execution_time": 2.083800792694092,
  "timestamp": "2025-12-08T18:59:15.063489"
}